time,distance,angle
5014,5,122.005
5031,5,122.005
5049,5,122.005
5066,5,122.005
5084,5,122.005
5101,5,122.005
5118,5,122.005
5136,5,122.005
5153,5,122.005
5172,5,122.007
5189,7,122.007
5207,7,122.006
5224,6,122.005
5241,5,122.006
5259,6,122.006
5277,6,122.007
5295,7,122.009
5312,9,122.007
5329,7,122.007
5348,7,122.009
5365,9,122.007
5383,7,122.005
5400,5,122.005
5417,5,122.007
5436,7,122.008
5453,8,122.008
5471,8,122.0019
5490,19,52.0021
5508,21,52.001
5526,10,122.009
5543,9,122.009
5562,9,122.009
5579,9,122.009
5597,9,122.009
5615,9,122.001
5633,10,122.0011
5651,11,122.0011
5668,11,122.009
5686,9,122.001
5704,10,122.001
5722,10,122.0011
5740,11,122.0012
5758,12,122.0013
5776,13,122.0013
5794,13,122.0013
5813,13,122.0013
5830,13,122.0022
5850,22,52.0023
5868,23,52.0016
5885,16,52.0016
5904,16,52.0016
5922,16,52.0019
5941,19,52.0026
5960,26,52.0027
5979,27,52.0027
5998,27,52.0026
6017,26,52.0022
6035,22,52.0022
6053,22,52.0022
6072,22,52.0026
6091,26,52.0026
6110,26,52.0022
6128,22,52.0021
6147,21,52.0022
6165,22,52.0024
6184,24,52.0027
6203,27,52.0027
6221,27,52.0023
6241,23,52.0024
6259,24,52.0028
6278,28,52.003
6297,30,52.003
6317,30,52.0029
6335,29,52.0029
6354,29,52.0029
6373,29,52.0029
6392,29,52.003
6411,30,52.003
6430,30,52.003
6450,30,52.003
6468,30,52.003
6488,30,52.0028
6506,28,52.0028
6525,28,52.003
6544,30,52.0028
6563,28,52.0028
6582,28,52.003
6601,30,52.0029
6620,29,52.0029
6639,29,52.003
6658,30,52.003
6677,30,52.0029
6695,29,52.0029
6715,29,52.0029
6733,29,52.0028
6753,28,52.0027
6771,27,52.0025
6791,25,52.0024
6809,24,52.0023
6828,23,52.0023
6846,23,52.0026
6865,26,52.0027
6884,27,52.0024
6902,24,52.0024
6922,24,52.0023
6940,23,52.0024
6959,24,52.0024
6977,24,52.0026
6996,26,52.0029
7015,29,52.0025
7033,25,52.0023
7053,23,52.0023
7071,23,52.0026
7090,26,52.0027
7109,27,52.0023
7128,23,52.0023
7146,23,52.0027
7165,27,52.0023
7183,23,52.0015
7201,15,52.0015
7220,15,52.0016
7238,16,52.0015
7256,15,52.0016
7274,16,52.0016
7292,16,52.0014
7311,14,122.0011
7328,11,122.001
7347,10,122.009
7364,9,122.009
7382,9,122.009
7400,9,122.001
7417,10,122.001
7435,10,122.007
7453,7,122.004
7471,4,122.004
7488,4,122.006
7505,6,122.005
7523,5,122.003
7540,3,122.003
7558,3,122.004
7575,4,122.005
7592,5,122.005
7610,5,122.004
7627,4,122.006
7645,6,122.009
7663,9,122.008
7681,8,122.005
7698,5,122.006
7715,6,122.006
7734,6,122.0018
7752,18,52.002
7771,20,52.009
7788,9,122.009
7805,9,122.009
7824,9,122.009
7841,9,122.009
7859,9,122.008
7876,8,122.008
7895,8,122.008
7912,8,122.008
7929,8,122.001
7948,10,122.0011
7965,11,122.0011
7984,11,122.0012
8002,12,122.0015
8019,15,122.0016
8038,16,52.0017
8056,17,52.0016
8075,16,52.0017
8093,17,52.0019
8112,19,52.0018
8130,18,52.0017
8147,17,52.0019
8166,19,52.0025
8185,25,52.0027
8204,27,52.0027
8223,27,52.003
8242,30,52.0026
8261,26,52.0023
8280,23,52.0024
8298,24,52.0027
8317,27,52.0026
8336,26,52.0022
8354,22,52.0023
8373,23,52.0024
8391,24,52.0024
8411,24,52.0027
8429,27,52.0026
8448,26,52.0026
8467,26,52.0027
8485,27,52.0025
8505,25,52.0028
8523,28,52.003
8543,30,52.003
8561,30,52.003
8581,30,52.003
8599,30,52.003
8619,30,52.0028
8637,28,52.0028
8656,28,52.0029
8676,29,52.0029
8694,29,52.0029
8714,29,52.003
8732,30,52.003
8752,30,52.0028
8770,28,52.0028
8790,28,52.003
8808,30,52.003
8827,30,52.003
8846,30,52.003
8865,30,52.003
8884,30,52.003
8903,30,52.003
8923,30,52.003
8941,30,52.003
8961,30,52.003
8979,30,52.003
8998,30,52.0027
9017,27,52.0024
9035,24,52.0024
9055,24,52.0025
9073,25,52.0025
9092,25,52.0024
9110,24,52.0024
9129,24,52.0025
9148,25,52.0023
9166,23,52.0022
9185,22,52.0021
9203,21,52.0026
9223,26,52.0029
9241,29,52.0026
9261,26,52.0024
9279,24,52.0023
9297,23,52.0021
9316,21,52.0025
9335,25,52.0029
9354,29,52.0026
9373,26,52.0026
9392,26,52.0023
9410,23,52.0017
9428,17,52.0016
9447,16,52.0018
9465,18,52.0017
9483,17,52.0016
9501,16,52.0015
9520,15,52.0015
9538,15,52.0014
9555,14,122.0011
9574,11,122.001
9591,10,122.009
9610,9,122.009
9627,9,122.009
9645,9,122.008
9663,8,122.0019
9681,19,52.002
9700,20,52.008
9717,8,122.004
9735,4,122.003
9752,3,122.004
9769,4,122.003
9787,3,122.005
9804,5,122.008
9822,8,122.001
9840,10,122.009
9858,9,122.007
9875,7,122.007
9893,7,122.009
9911,9,122.007
9928,7,122.004
9946,4,122.006
9963,6,122.008
9981,8,122.009
9999,9,122.002
10018,20,52.0021
10036,21,52.001
10054,10,122.008
10072,8,122.009
10089,9,122.001
10107,10,122.009
10125,9,122.001
10143,10,122.001
10161,10,122.001
10179,10,122.0011
10198,11,122.0011
10215,11,122.0013
10233,13,122.0011
10251,11,122.0011
10269,11,122.0014
10288,14,122.0017
10306,17,52.0015
10324,15,52.0013
10342,13,122.0015
10360,15,122.0016
10379,16,52.0018
10397,18,52.0019
10416,19,52.0023
10435,23,52.0026
10454,26,52.0023
10472,23,52.0026
10491,26,52.003
10510,30,52.0026
10529,26,52.0024
10548,24,52.0027
10566,27,52.003
10586,30,52.0025
10604,25,52.0022
10622,22,52.0023
10642,23,52.0026
10660,26,52.003
10680,30,52.0027
10698,27,52.0024
10717,24,52.0026
10736,26,52.0028
10756,28,52.0029
10774,29,52.0029
10793,29,52.003
10812,30,52.003
10831,30,52.0029
10851,29,52.0029
10869,29,52.003
10889,30,52.003
10907,30,52.003
10927,30,52.003
10946,30,52.003
10964,30,52.003
10984,30,52.0018
11001,18,52.0018
11021,18,52.003
11039,30,52.003
11059,30,52.003
11077,30,52.0029
11097,29,52.0029
11116,29,52.0029
11134,29,52.0029
11154,29,52.0027
11172,27,52.0027
11192,27,52.0027
11210,27,52.0027
11229,27,52.0026
11248,26,52.0022
11267,22,52.0023
11285,23,52.0022
11303,22,52.0021
11322,21,52.0025
11341,25,52.0029
11361,29,52.0027
11379,27,52.0022
11398,22,52.0024
11417,24,52.0029
11436,29,52.0029
11455,29,52.0025
11473,25,52.0026
11493,26,52.0026
11511,26,52.0019
11530,19,52.0015
11547,15,52.0014
11566,14,122.0014
11584,14,122.0014
11601,14,122.0012
11620,12,122.0013
11638,13,122.0012
11656,12,122.0011
11674,11,122.001
11692,10,122.008
11710,8,122.009
11727,9,122.001
11746,10,122.008
11763,8,122.006
11781,6,122.005
11798,5,122.005
11815,5,122.004
11833,4,122.003
11851,3,122.003
11869,3,122.003
11886,3,122.004
11904,4,122.004
11921,4,122.004
11938,4,122.005
11956,5,122.007
11973,7,122.008
11992,8,122.008
12009,8,122.006
12026,6,122.007
12044,7,122.008
12062,8,122.008
12080,8,122.0016
12098,16,52.0016
12116,16,52.009
12134,9,122.008
12151,8,122.008
12170,8,122.009
12187,9,122.008
12205,8,122.008
12223,8,122.008
12240,8,122.009
12259,9,122.001
12276,10,122.001
12295,10,122.001
12312,10,122.0011
12331,11,122.0012
12348,12,122.0013
12366,13,122.0012
12385,12,122.0012
12402,12,122.0014
12421,14,122.0015
12439,15,122.0016
12457,16,52.0015
12476,15,52.0015
12493,15,52.002
12513,20,52.0027
12531,27,52.003
12551,30,52.003
12569,30,52.003
12589,30,52.003
12608,30,52.0026
12626,26,52.0023
12645,23,52.0027
12664,27,52.0029
12683,29,52.0025
12701,25,52.0022
12721,22,52.0024
12739,24,52.0023
12758,23,52.0025
12777,25,52.0029
12795,29,52.0028
12815,28,52.0027
12833,27,52.0027
12853,27,52.0029
12871,29,52.003
12891,30,52.003
12910,30,52.003
12929,30,52.003
12948,30,52.003
12966,30,52.0029
12986,29,52.0029
13005,29,52.003
13024,30,52.003
13043,30,52.003
13062,30,52.003
13081,30,52.003
13101,30,52.0029
13119,29,52.0029
13138,29,52.0029
13157,29,52.0029
13176,29,52.0029
13195,29,52.0029
13214,29,52.003
13234,30,52.003
13252,30,52.003
13272,30,52.0028
13290,28,52.0025
13308,25,52.0024
13328,24,52.0025
13346,25,52.0028
13366,28,52.0027
13384,27,52.0025
13403,25,52.0024
13422,24,52.0022
13441,22,52.0022
13459,22,52.0022
13477,22,52.0025
13497,25,52.0029
13515,29,52.0026
13534,26,52.0021
13553,21,52.0021
13572,21,52.0026
13590,26,52.0029
13609,29,52.0026
13628,26,52.0023
13646,23,52.0027
13666,27,52.0025
13684,25,52.0018
13703,18,52.0015
13721,15,52.0015
13740,15,52.0015
13757,15,52.0016
13775,16,52.0015
13794,15,52.0012
13811,12,122.0011
13830,11,122.0011
13848,11,122.0011
13865,11,122.001
13884,10,122.009
13901,9,122.001
13920,10,122.0012
13937,12,122.008
13955,8,122.008
13973,8,122.007
13990,7,122.004
14008,4,122.003
14025,3,122.004
14043,4,122.004
14060,4,122.003
14077,3,122.004
14095,4,122.007
14113,7,122.008
14131,8,122.005
14148,5,122.005
14166,5,122.006
14183,6,122.006
14201,6,122.006
14219,6,122.008
14236,8,122.009
14255,9,122.002
14273,20,52.002
14291,20,52.009
14309,9,122.009
14327,9,122.009
14345,9,122.008
14362,8,122.009
14381,9,122.001
14398,10,122.009
14415,9,122.001
14434,10,122.001
14451,10,122.009
14470,9,122.0011
14488,11,122.0011
14505,11,122.009
14523,9,122.0011
14541,11,122.0016
14560,16,52.0018
14578,18,52.0017
14597,17,52.0024
14616,24,52.0029
14635,29,52.0023
14653,23,52.0018
14671,18,52.002
14690,20,52.002
14708,20,52.0026
14728,26,52.0027
14746,27,52.0027
14766,27,52.003
14785,30,52.003
14803,30,52.0027
14822,27,52.0025
14841,25,52.0023
14860,23,52.0025
14878,25,52.0029
14898,29,52.0027
14916,27,52.0023
14936,23,52.0022
14954,22,52.0023
14972,23,52.0024
14991,24,52.0023
15010,23,52.0024
15029,24,52.0024
15047,24,52.0025
15067,25,52.0024
15085,24,52.0027
15104,27,52.003
15123,30,52.003
15142,30,52.003
15161,30,52.003
15180,30,52.003
15199,30,52.003
15218,30,52.0029
15238,29,52.0029
15256,29,52.0029
15276,29,52.0029
15294,29,52.0029
15313,29,52.0029
15333,29,52.003
15351,30,52.003
15371,30,52.0029
15389,29,52.0029
15409,29,52.003
15427,30,52.003
15447,30,52.003
15466,30,52.003
15484,30,52.003
15504,30,52.003
15522,30,52.003
15542,30,52.0028
15560,28,52.0028
15580,28,52.003
15599,30,52.003
15618,30,52.0029
15637,29,52.0029
15655,29,52.0029
15675,29,52.0029
15694,29,52.003
15713,30,52.003
15732,30,52.003
15751,30,52.003
15770,30,52.003
15789,30,52.003
15808,30,52.003
15827,30,52.0027
15846,27,52.0027
15865,27,52.0027
15884,27,52.0023
15902,23,52.0023
15921,23,52.0024
15940,24,52.0027
15959,27,52.0027
15978,27,52.0024
15996,24,52.0022
16015,22,52.0023
16033,23,52.0024
16052,24,52.0026
16071,26,52.0029
16091,29,52.0028
16109,28,52.0025
16128,25,52.0022
16147,22,52.0026
16165,26,52.003
16185,30,52.0029
16203,29,52.0025
16222,25,52.0024
16241,24,52.0029
16261,29,52.0024
16279,24,52.0018
16296,18,52.0016
16315,16,52.0015
16333,15,52.0016
16352,16,52.0015
16370,15,52.0013
16388,13,122.0011
16406,11,122.0011
16423,11,122.0011
16442,11,122.0011
16459,11,122.009
16478,9,122.009
16495,9,122.008
16514,8,122.008
16531,8,122.008
16548,8,122.009
16567,9,122.001
16584,10,122.008
16602,8,122.008
16620,8,122.006
16637,6,122.003
16655,3,122.003
16672,3,122.005
16690,5,122.006
16707,6,122.006
16724,6,122.005
16743,5,122.004
16760,4,122.005
16778,5,122.005
16795,5,122.004
16813,4,122.006
16830,6,122.008
16848,8,122.002
16867,20,52.0024
16885,24,52.0015
16904,15,52.001
16921,10,122.009
16940,9,122.008
16957,8,122.008
16974,8,122.008
16993,8,122.008
17010,8,122.009
17028,9,122.009
17046,9,122.001
17063,10,122.001
17082,10,122.009
17099,9,122.0011
17118,11,122.0012
17135,12,122.0011
17154,11,122.0011
17172,11,122.0012
17189,12,122.0014
17208,14,122.0014
17226,14,122.0017
17245,17,52.0018
17263,18,52.0018
17282,18,52.0018
17300,18,52.0018
17318,18,52.0024
17337,24,52.0029
17356,29,52.0026
17375,26,52.0026
17394,26,52.0029
17413,29,52.0026
17432,26,52.0022
17451,22,52.0026
17469,26,52.003
17488,30,52.0025
17507,25,52.0023
17525,23,52.0025
17545,25,52.0026
17563,26,52.0028
17583,28,52.003
17601,30,52.0027
17620,27,52.0024
17639,24,52.0026
17658,26,52.0029
17677,29,52.0029
17696,29,52.0029
17715,29,52.003
17734,30,52.003
17754,30,52.003
17772,30,52.003
17792,30,52.003
17810,30,52.0029
17829,29,52.0029
17848,29,52.0029
17867,29,52.0029
17887,29,52.003
17905,30,52.0028
17925,28,52.0028
17943,28,52.003
17963,30,52.003
17981,30,52.003
18000,30,52.003
18020,30,52.003
18038,30,52.0029
18058,29,52.0029
18076,29,52.0029
18096,29,52.0029
18115,29,52.0029
18134,29,52.0027
18153,27,52.0026
18171,26,52.0025
18190,25,52.0024
18208,24,52.0023
18228,23,52.0027
18246,27,52.0027
18266,27,52.0024
18284,24,52.0024
18302,24,52.0023
18321,23,52.0021
18340,21,52.0022
18359,22,52.0026
18377,26,52.0029
18397,29,52.0027
18415,27,52.0023
18434,23,52.0022
18453,22,52.0026
18471,26,52.0029
18491,29,52.0026
18509,26,52.0022
18528,22,52.0026
18547,26,52.0024
18566,24,52.0018
18584,18,52.0017
18603,17,52.0016
18620,16,52.0016
18638,16,52.0017
18657,17,52.0016
18675,16,52.0013
18693,13,122.0012
18711,12,122.0011
18729,11,122.001
18747,10,122.001
18765,10,122.001
18783,10,122.001
18801,10,122.001
18819,10,122.009
18837,9,122.007
18854,7,122.004
18872,4,122.007
18889,7,122.009
18908,9,122.007
18925,7,122.005
18942,5,122.006
18960,6,122.006
18978,6,122.005
18996,5,122.007
19013,7,122.008
19031,8,122.007
19049,7,122.008
19066,8,122.009
19084,9,122.007
19102,7,122.001
19120,10,122.0011
19138,11,122.009
19155,9,122.0017
19175,17,52.0015
19192,15,52.009
19210,9,122.001
19228,10,122.001
19246,10,122.009
19264,9,122.009
19281,9,122.009
19299,9,122.001
19317,10,122.001
19335,10,122.001
19353,10,122.001
19371,10,122.009
19389,9,122.001
19406,10,122.0011
19425,11,122.0013
19443,13,122.0015
19462,15,122.0015
19480,15,122.0014
19497,14,122.0014
19516,14,122.0014
19534,14,122.0016
19553,16,52.0017
19571,17,52.0016
19589,16,52.0021
19608,21,52.0028
19627,28,52.0026
19646,26,52.0026
19664,26,52.003
19684,30,52.003
19702,30,52.0025
19721,25,52.0024
19740,24,52.0029
19760,29,52.0027
19778,27,52.0023
19796,23,52.0023
19816,23,52.0024
19834,24,52.0026
19853,26,52.0027
19872,27,52.0027
19891,27,52.003
19910,30,52.0028
19929,28,52.0028
19948,28,52.003
19966,30,52.003
19986,30,52.003
20005,30,52.003
20024,30,52.0028
20043,28,52.0028
20062,28,52.0029
20081,29,52.003
20100,30,52.003
20119,30,52.0027
20137,27,52.0026
20157,26,52.0028
20175,28,52.0029
20195,29,52.003
20214,30,52.003
20233,30,52.003
20252,30,52.003
20271,30,52.003
20290,30,52.003
20310,30,52.003
20328,30,52.0029
20347,29,52.0027
20366,27,52.0025
20384,25,52.0024
20404,24,52.0026
20422,26,52.0027
20442,27,52.0026
20460,26,52.0026
20478,26,52.0024
20498,24,52.0023
20516,23,52.0023
20535,23,52.0026
20554,26,52.0029
20573,29,52.0026
20592,26,52.0022
20611,22,52.0022
20629,22,52.0026
20648,26,52.0029
20667,29,52.0028
20686,28,52.0024
20705,24,52.0026
20723,26,52.0026
20743,26,52.0019
20760,19,52.0016
20779,16,52.0015
20797,15,52.0014
20815,14,122.0013
20833,13,122.0014
20851,14,122.0013
20870,13,122.001
20887,10,122.001
20905,10,122.001
20923,10,122.001
20941,10,122.009
20959,9,122.0011
20977,11,122.0011
20995,11,122.001
21013,10,122.009
21030,9,122.001
21049,10,122.007
21066,7,122.003
21084,3,122.004
21101,4,122.007
21118,7,122.008
21137,8,122.006
21154,6,122.005
21172,5,122.005
21189,5,122.005
21207,5,122.004
21224,4,122.005
21242,5,122.006
21260,6,122.009
21277,9,122.008
21296,8,122.005
21313,5,122.005
21330,5,122.008
21348,8,122.0011
21366,11,122.0012
21385,12,122.0012
21402,12,122.009
21421,9,122.007
21438,7,122.008
21455,8,122.009
21474,9,122.009
21491,9,122.008
21509,8,122.009
21527,9,122.0011
21544,11,122.0011
21563,11,122.001
21580,10,122.0011
21599,11,122.0014
21617,14,122.0015
21636,15,122.0012
21653,12,122.0013
21671,13,122.0014
21690,14,122.0014
21708,14,122.0014
21726,14,122.0017
21744,17,52.0018
21763,18,52.0018
21781,18,52.0025
21800,25,52.003
21819,30,52.0027
21838,27,52.0026
21857,26,52.0028
21876,28,52.0026
21895,26,52.0024
21914,24,52.0027
21933,27,52.0029
21952,29,52.0026
21970,26,52.0023
21989,23,52.0023
22007,23,52.0022
22026,22,52.0025
22045,25,52.0025
22064,25,52.0023
22082,23,52.0024
22102,24,52.0027
22120,27,52.003
22139,30,52.0029
22159,29,52.0029
22177,29,52.0029
22197,29,52.0029
22215,29,52.003
22235,30,52.003
22254,30,52.003
22273,30,52.003
22292,30,52.003
22310,30,52.003
22330,30,52.003
22349,30,52.003
22368,30,52.003
22387,30,52.003
22406,30,52.003
22425,30,52.003
22444,30,52.003
22463,30,52.003
22482,30,52.003
22501,30,52.003
22520,30,52.0029
22539,29,52.0027
22558,27,52.0024
22577,24,52.0023
22595,23,52.0026
22615,26,52.0026
22633,26,52.0023
22651,23,52.0023
22671,23,52.0022
22689,22,52.0023
22708,23,52.0023
22726,23,52.0025
22746,25,52.0029
22764,29,52.0026
22784,26,52.0022
22802,22,52.0026
22820,26,52.003
22840,30,52.0027
22858,27,52.0022
22877,22,52.0025
22896,25,52.0026
22915,26,52.0019
22933,19,52.0017
22951,17,52.0015
22970,15,52.0014
22987,14,122.0016
23006,16,52.0018
23024,18,52.0014
23043,14,122.0012
23061,12,122.0011
23078,11,122.008
23096,8,122.008
23114,8,122.008
23132,8,122.001
23150,10,122.0011
23168,11,122.009
23185,9,122.006
23203,6,122.004
23221,4,122.004
23238,4,122.005
23256,5,122.005
23273,5,122.005
23290,5,122.008
23309,8,122.006
23326,6,122.004
23344,4,122.005
23361,5,122.007
23378,7,122.007
23396,7,122.005
23414,5,122.006
23432,6,122.008
23449,8,122.009
23468,9,122.002
23486,20,52.0021
23504,21,52.001
23522,10,122.009
23540,9,122.001
23558,10,122.009
23576,9,122.008
23593,8,122.008
23611,8,122.008
23628,8,122.008
23647,8,122.001
23664,10,122.0011
23683,11,122.0011
23700,11,122.0011
23718,11,122.0012
23737,12,122.0012
23754,12,122.0012
23773,12,122.0013
23791,13,122.0014
23809,14,122.0014
23827,14,122.0014
23845,14,122.0015
23864,15,122.0017
23882,17,52.002
23901,20,52.0025
23919,25,52.0028
23939,28,52.0029
23958,29,52.0029
23976,29,52.0025
23995,25,52.0023
24014,23,52.0027
24033,27,52.0026
24052,26,52.0022
24071,22,52.0022
24089,22,52.0023
24108,23,52.0027
24127,27,52.0028
24145,28,52.0025
24165,25,52.0027
24183,27,52.003
24203,30,52.003
24221,30,52.003
24241,30,52.003
24260,30,52.0029
24279,29,52.0029
24298,29,52.0029
24316,29,52.0029
24336,29,52.003
24354,30,52.003
24374,30,52.003
24393,30,52.003
24412,30,52.003
24431,30,52.0029
24450,29,52.0029
24469,29,52.003
24488,30,52.003
24507,30,52.003
24526,30,52.003
24545,30,52.003
24564,30,52.003
24584,30,52.0028
24602,28,52.0026
24621,26,52.0025
24640,25,52.0027
24658,27,52.0025
24678,25,52.0022
24696,22,52.0022
24715,22,52.0022
24733,22,52.0023
24752,23,52.0026
24771,26,52.003
24790,30,52.0027
24809,27,52.0023
24827,23,52.0025
24846,25,52.0029
24865,29,52.0029
24885,29,52.0029
24903,29,52.0029
24923,29,52.0025
24941,25,52.0019
24960,19,52.0016
24978,16,52.0014
24995,14,122.0016
25014,16,52.0014
25032,14,122.0013
25051,13,122.0014
25068,14,122.0011
25086,11,122.009
25104,9,122.008
25122,8,122.001
25140,10,122.001
25158,10,122.007
25176,7,122.006
25193,6,122.005
25210,5,122.004
25228,4,122.004
25245,4,122.005
25264,5,122.009
25281,9,122.009
25299,9,122.006
25317,6,122.008
25334,8,122.001
25353,10,122.008
25370,8,122.006
25388,6,122.008
25406,8,122.009
25423,9,122.001
25442,10,122.001
25459,10,122.009
25478,9,122.0016
25496,16,52.0015
25513,15,52.009
25532,9,122.0011
25549,11,122.009
25567,9,122.008
25585,8,122.008
25603,8,122.008
25621,8,122.009
25638,9,122.009
25656,9,122.001
25674,10,122.0011
25692,11,122.0011
25710,11,122.0011
25729,11,122.0014
25746,14,122.0018
25764,18,52.0016
25783,16,52.0013
25801,13,122.0014
25819,14,122.0014
25837,14,122.0014
25856,14,122.0015
25874,15,122.002
25892,20,52.0026
25912,26,52.0028
25930,28,52.0027
25949,27,52.0027
25968,27,52.003
25988,30,52.0029
26006,29,52.0026
26024,26,52.0026
26044,26,52.003
26063,30,52.0026
26082,26,52.0022
26100,22,52.0022
26119,22,52.0022
26137,22,52.0026
26157,26,52.0028
26175,28,52.0028
26194,28,52.003
26214,30,52.003
26232,30,52.0029
26252,29,52.0029
26270,29,52.003
26290,30,52.003
26309,30,52.003
26328,30,52.003
26347,30,52.003
26365,30,52.003
26385,30,52.003
26404,30,52.003
26423,30,52.0021
26441,21,52.0021
26460,21,52.0029
26479,29,52.0029
26498,29,52.0029
26517,29,52.0029
26536,29,52.003
26555,30,52.003
26574,30,52.003
26593,30,52.0027
26612,27,52.0025
26631,25,52.0028
26650,28,52.003
26669,30,52.0028
26688,28,52.0026
26706,26,52.0025
26725,25,52.0024
26744,24,52.0027
26763,27,52.003
26782,30,52.0026
26801,26,52.0022
26819,22,52.0025
26839,25,52.0029
26858,29,52.0029
26876,29,52.0026
26895,26,52.0026
26914,26,52.0026
26933,26,52.0019
26951,19,52.0016
26970,16,52.0015
26987,15,52.0017
27005,17,52.0018
27024,18,52.0014
27042,14,122.0012
27061,12,122.0011
27078,11,122.001
27097,10,122.009
27114,9,122.009
27132,9,122.001
27150,10,122.008
27167,8,122.007
27186,7,122.006
27203,6,122.004
27220,4,122.004
27238,4,122.005
27255,5,122.005
27273,5,122.004
27290,4,122.005
27309,5,122.007
27326,7,122.008
27343,8,122.001
27362,10,122.009
27379,9,122.006
27397,6,122.005
27414,5,122.005
27432,5,122.007
27450,7,122.009
27467,9,122.002
27487,20,52.002
27504,20,52.009
27523,9,122.009
27540,9,122.009
27557,9,122.008
27576,8,122.008
27593,8,122.008
27611,8,122.008
27629,8,122.009
27646,9,122.001
27665,10,122.001
27682,10,122.001
27701,10,122.0019
27719,19,52.0022
27738,22,52.0017
27756,17,52.0017
27774,17,52.0017
27793,17,52.0017
27811,17,52.0016
27829,16,52.0017
27847,17,52.002
27866,20,52.0021
27884,21,52.002
27904,20,52.0025
27922,25,52.0028
27941,28,52.0024
27960,24,52.0026
27978,26,52.0029
27998,29,52.0026
28016,26,52.0022
28035,22,52.0022
28054,22,52.0026
28072,26,52.0026
28091,26,52.0024
28110,24,52.0024
28129,24,52.0023
28147,23,52.0023
28166,23,52.0022
28185,22,52.0023
28204,23,52.0023
28222,23,52.0024
28240,24,52.0023
28260,23,52.0023
28278,23,52.0025
28297,25,52.0026
28316,26,52.0026
28335,26,52.0028
28354,28,52.003
28372,30,52.003
28392,30,52.003
28411,30,52.003
28430,30,52.003
28449,30,52.003
28468,30,52.003
28487,30,52.003
28507,30,52.003
28525,30,52.0028
28545,28,52.0028
28563,28,52.003
28582,30,52.003
28601,30,52.003
28620,30,52.0029
28640,29,52.0029
28658,29,52.0029
28678,29,52.0029
28696,29,52.003
28716,30,52.003
28735,30,52.003
28753,30,52.003
28773,30,52.003
28791,30,52.003
28811,30,52.003
28830,30,52.003
28849,30,52.003
28868,30,52.0029
28887,29,52.0029
28906,29,52.003
28924,30,52.003
28944,30,52.003
28963,30,52.003
28982,30,52.003
29001,30,52.0029
29020,29,52.0029
29039,29,52.0029
29059,29,52.0029
29077,29,52.003
29096,30,52.0028
29115,28,52.0025
29133,25,52.0024
29153,24,52.0027
29171,27,52.003
29191,30,52.0029
29209,29,52.0026
29229,26,52.0024
29247,24,52.0023
29265,23,52.0022
29284,22,52.0023
29303,23,52.0023
29322,23,52.0026
29340,26,52.0029
29360,29,52.0026
29378,26,52.0023
29398,23,52.0026
29416,26,52.0029
29435,29,52.0029
29454,29,52.003
29473,30,52.0027
29492,27,52.0027
29511,27,52.0025
29530,25,52.0018
29548,18,52.0018
29566,18,52.0017
29585,17,52.0015
29602,15,52.0014
29621,14,122.0014
29639,14,122.0015
29658,15,122.0014
29675,14,122.0011
29693,11,122.001
29711,10,122.0011
29729,11,122.001
29747,10,122.008
29765,8,122.008
29783,8,122.0019
29802,19,52.002
29819,20,52.009
29838,9,122.009
29855,9,122.007
29873,7,122.003
29890,3,122.003
29907,3,122.006
29925,6,122.007
29942,7,122.004
29961,4,122.008
29978,8,122.008
29996,8,122.006
30014,6,122.007
30031,7,122.007
30049,7,122.006
30066,6,122.007
30084,7,122.008
30102,8,122.008
30119,8,122.0019
30139,19,52.0022
30157,22,52.0013
30175,13,122.001
30193,10,122.009
30211,9,122.009
30229,9,122.009
30246,9,122.008
30264,8,122.008
30282,8,122.008
30300,8,122.007
30317,7,122.009
30336,9,122.0011
30353,11,122.0012
30371,12,122.0011
30389,11,122.0013
30407,13,122.0016
30426,16,52.0017
30444,17,52.0017
30462,17,52.0019
30481,19,52.002
30499,20,52.0021
30518,21,52.0018
30536,18,52.002
30555,20,52.0022
30574,22,52.0026
30593,26,52.0029
30612,29,52.0025
30630,25,52.0026
30650,26,52.003
30668,30,52.0026
30687,26,52.0022
30706,22,52.0025
30725,25,52.0029
30744,29,52.0029
30763,29,52.0026
30781,26,52.0022
30800,22,52.0022
30819,22,52.0024
30837,24,52.0025
30857,25,52.0027
30875,27,52.0027
30894,27,52.0023
30913,23,52.0023
30931,23,52.0024
30950,24,52.0026
30969,26,52.0029
30988,29,52.003
31007,30,52.003
31027,30,52.003
31045,30,52.003
31065,30,52.003
31083,30,52.003
31102,30,52.003
31122,30,52.0029
31140,29,52.0029
31160,29,52.0029
31178,29,52.0029
31198,29,52.003
31217,30,52.003
31236,30,52.003
31255,30,52.003
31273,30,52.003
31293,30,52.003
31312,30,52.003
31331,30,52.003
31350,30,52.003
31369,30,52.003
31388,30,52.003
31407,30,52.003
31426,30,52.003
31446,30,52.003
31464,30,52.003
31483,30,52.003
31502,30,52.003
31521,30,52.0029
31541,29,52.0029
31559,29,52.0029
31579,29,52.0029
31597,29,52.003
31617,30,52.0029
31635,29,52.0028
31654,28,52.0026
31673,26,52.0025
31692,25,52.0028
31711,28,52.0027
31730,27,52.0023
31749,23,52.0026
31767,26,52.0027
31787,27,52.0025
31805,25,52.0023
31823,23,52.0022
31843,22,52.0024
31861,24,52.0024
31880,24,52.0026
31899,26,52.0029
31918,29,52.0027
31937,27,52.0023
31955,23,52.0022
31974,22,52.0026
31993,26,52.0029
32012,29,52.0026
32030,26,52.0023
32050,23,52.0027
32068,27,52.0025
32087,25,52.0017
32105,17,52.0016
32123,16,52.0016
32142,16,52.0014
32160,14,122.0012
32178,12,122.0015
32196,15,122.0016
32215,16,52.0014
32233,14,122.0011
32250,11,122.001
32269,10,122.0011
32286,11,122.001
32305,10,122.007
32322,7,122.007
32339,7,122.0013
32358,13,122.0024
32377,24,52.0018
32395,18,52.007
32413,7,122.006
32431,6,122.003
32448,3,122.003
32465,3,122.005
32483,5,122.006
32500,6,122.004
32518,4,122.004
32535,4,122.005
32552,5,122.007
32571,7,122.009
32588,9,122.009
32606,9,122.008
32624,8,122.007
32642,7,122.006
32659,6,122.007
32677,7,122.007
32695,7,122.009
32712,9,122.001
32731,10,122.009
32748,9,122.009
32766,9,122.001
32784,10,122.009
32802,9,122.008
32820,8,122.009
32837,9,122.001
32856,10,122.0011
32873,11,122.0011
32891,11,122.001
32909,10,122.001
32927,10,122.009
32945,9,122.0011
32963,11,122.0012
32982,12,122.0015
33000,15,122.0016
33017,16,52.0014
33036,14,122.0015
33054,15,122.0015
33073,15,122.0014
33090,14,122.0016
33110,16,52.002
33128,20,52.0019
33146,19,52.0024
33165,24,52.0029
33184,29,52.0026
33203,26,52.0027
33222,27,52.0029
33241,29,52.0029
33260,29,52.0025
33278,25,52.0021
33297,21,52.0025
33316,25,52.0027
33335,27,52.0023
33353,23,52.0022
33372,22,52.0024
33391,24,52.0025
33410,25,52.0024
33428,24,52.0025
33447,25,52.0026
33466,26,52.0028
33485,28,52.003
33504,30,52.003
33523,30,52.003
33543,30,52.0028
33561,28,52.0028
33581,28,52.0029
33599,29,52.0029
33618,29,52.0029
33637,29,52.003
33656,30,52.003
33676,30,52.003
33694,30,52.003
33714,30,52.003
33732,30,52.003
33752,30,52.003
33771,30,52.003
33789,30,52.003
33809,30,52.003
33827,30,52.0029
33847,29,52.0029
33866,29,52.003
33885,30,52.003
33904,30,52.0029
33923,29,52.0026
33941,26,52.0023
33960,23,52.0023
33979,23,52.0026
33998,26,52.003
34017,30,52.0026
34035,26,52.0023
34055,23,52.0023
34073,23,52.0021
34092,21,52.0021
34110,21,52.0022
34128,22,52.0025
34148,25,52.0028
34166,28,52.0025
34186,25,52.0022
34204,22,52.0025
34223,25,52.0029
34242,29,52.0027
34260,27,52.0023
34279,23,52.0025
34298,25,52.0024
34317,24,52.0019
34335,19,52.0017
34354,17,52.0015
34372,15,52.0015
34390,15,52.0015
34408,15,52.0014
34426,14,122.0013
34445,13,122.0015
34462,15,122.0012
34481,12,122.001
34499,10,122.0011
34516,11,122.001
34535,10,122.009
34552,9,122.0013
34571,13,122.0015
34589,15,122.009
34607,9,122.004
34624,4,122.004
34641,4,122.006
34659,6,122.005
34676,5,122.005
34695,5,122.005
34712,5,122.004
34729,4,122.004
34747,4,122.005
34764,5,122.008
34783,8,122.008
34800,8,122.007
34818,7,122.007
34835,7,122.007
34853,7,122.008
34871,8,122.009
34888,9,122.001
34907,10,122.001
34925,10,122.009
34942,9,122.008
34960,8,122.008
34978,8,122.008
34996,8,122.008
35013,8,122.009
35032,9,122.009
35049,9,122.001
35066,10,122.0012
35085,12,122.0011
35103,11,122.0011
35121,11,122.0014
35139,14,122.0016
35158,16,52.0016
35176,16,52.0016
35194,16,52.0017
35213,17,52.001
